ISSUE-001	1	https://github.com/Sweeite/AI-Harness-V1.0/issues/1
ISSUE-002	2	https://github.com/Sweeite/AI-Harness-V1.0/issues/2
ISSUE-003	3	https://github.com/Sweeite/AI-Harness-V1.0/issues/3
ISSUE-004	4	https://github.com/Sweeite/AI-Harness-V1.0/issues/4
ISSUE-005	5	https://github.com/Sweeite/AI-Harness-V1.0/issues/5
ISSUE-006	6	https://github.com/Sweeite/AI-Harness-V1.0/issues/6
ISSUE-007	7	https://github.com/Sweeite/AI-Harness-V1.0/issues/7
ISSUE-008	8	https://github.com/Sweeite/AI-Harness-V1.0/issues/8
ISSUE-009	9	https://github.com/Sweeite/AI-Harness-V1.0/issues/9
ISSUE-010	10	https://github.com/Sweeite/AI-Harness-V1.0/issues/10
ISSUE-011	11	https://github.com/Sweeite/AI-Harness-V1.0/issues/11
ISSUE-012	12	https://github.com/Sweeite/AI-Harness-V1.0/issues/12
ISSUE-013	13	https://github.com/Sweeite/AI-Harness-V1.0/issues/13
ISSUE-014	14	https://github.com/Sweeite/AI-Harness-V1.0/issues/14
ISSUE-015	15	https://github.com/Sweeite/AI-Harness-V1.0/issues/15
ISSUE-016	16	https://github.com/Sweeite/AI-Harness-V1.0/issues/16
ISSUE-017	17	https://github.com/Sweeite/AI-Harness-V1.0/issues/17
ISSUE-018	18	https://github.com/Sweeite/AI-Harness-V1.0/issues/18
ISSUE-019	19	https://github.com/Sweeite/AI-Harness-V1.0/issues/19
ISSUE-020	20	https://github.com/Sweeite/AI-Harness-V1.0/issues/20
ISSUE-021	21	https://github.com/Sweeite/AI-Harness-V1.0/issues/21
ISSUE-022	22	https://github.com/Sweeite/AI-Harness-V1.0/issues/22
ISSUE-023	23	https://github.com/Sweeite/AI-Harness-V1.0/issues/23
ISSUE-024	24	https://github.com/Sweeite/AI-Harness-V1.0/issues/24
ISSUE-025	25	https://github.com/Sweeite/AI-Harness-V1.0/issues/25
ISSUE-026	26	https://github.com/Sweeite/AI-Harness-V1.0/issues/26
ISSUE-027	27	https://github.com/Sweeite/AI-Harness-V1.0/issues/27
ISSUE-028	28	https://github.com/Sweeite/AI-Harness-V1.0/issues/28
ISSUE-029	29	https://github.com/Sweeite/AI-Harness-V1.0/issues/29
ISSUE-030	30	https://github.com/Sweeite/AI-Harness-V1.0/issues/30
ISSUE-031	31	https://github.com/Sweeite/AI-Harness-V1.0/issues/31
ISSUE-032	32	https://github.com/Sweeite/AI-Harness-V1.0/issues/32
ISSUE-033	33	https://github.com/Sweeite/AI-Harness-V1.0/issues/33
ISSUE-034	34	https://github.com/Sweeite/AI-Harness-V1.0/issues/34
ISSUE-035	35	https://github.com/Sweeite/AI-Harness-V1.0/issues/35
ISSUE-036	36	https://github.com/Sweeite/AI-Harness-V1.0/issues/36
ISSUE-037	37	https://github.com/Sweeite/AI-Harness-V1.0/issues/37
ISSUE-038	38	https://github.com/Sweeite/AI-Harness-V1.0/issues/38
ISSUE-039	39	https://github.com/Sweeite/AI-Harness-V1.0/issues/39
ISSUE-040	40	https://github.com/Sweeite/AI-Harness-V1.0/issues/40
ISSUE-041	41	https://github.com/Sweeite/AI-Harness-V1.0/issues/41
ISSUE-042	42	https://github.com/Sweeite/AI-Harness-V1.0/issues/42
ISSUE-043	43	https://github.com/Sweeite/AI-Harness-V1.0/issues/43
ISSUE-044	44	https://github.com/Sweeite/AI-Harness-V1.0/issues/44
ISSUE-045	45	https://github.com/Sweeite/AI-Harness-V1.0/issues/45
ISSUE-046	46	https://github.com/Sweeite/AI-Harness-V1.0/issues/46
ISSUE-047	47	https://github.com/Sweeite/AI-Harness-V1.0/issues/47
ISSUE-048	48	https://github.com/Sweeite/AI-Harness-V1.0/issues/48
ISSUE-049	49	https://github.com/Sweeite/AI-Harness-V1.0/issues/49
ISSUE-050	50	https://github.com/Sweeite/AI-Harness-V1.0/issues/50
ISSUE-051	51	https://github.com/Sweeite/AI-Harness-V1.0/issues/51
ISSUE-052	52	https://github.com/Sweeite/AI-Harness-V1.0/issues/52
ISSUE-053	53	https://github.com/Sweeite/AI-Harness-V1.0/issues/53
ISSUE-054	54	https://github.com/Sweeite/AI-Harness-V1.0/issues/54
ISSUE-055	55	https://github.com/Sweeite/AI-Harness-V1.0/issues/55
ISSUE-056	56	https://github.com/Sweeite/AI-Harness-V1.0/issues/56
ISSUE-057	57	https://github.com/Sweeite/AI-Harness-V1.0/issues/57
ISSUE-058	58	https://github.com/Sweeite/AI-Harness-V1.0/issues/58
ISSUE-059	59	https://github.com/Sweeite/AI-Harness-V1.0/issues/59
ISSUE-060	60	https://github.com/Sweeite/AI-Harness-V1.0/issues/60
ISSUE-061	61	https://github.com/Sweeite/AI-Harness-V1.0/issues/61
ISSUE-062	62	https://github.com/Sweeite/AI-Harness-V1.0/issues/62
ISSUE-063	63	https://github.com/Sweeite/AI-Harness-V1.0/issues/63
ISSUE-064	64	https://github.com/Sweeite/AI-Harness-V1.0/issues/64
ISSUE-065	65	https://github.com/Sweeite/AI-Harness-V1.0/issues/65
ISSUE-066	66	https://github.com/Sweeite/AI-Harness-V1.0/issues/66
ISSUE-067	67	https://github.com/Sweeite/AI-Harness-V1.0/issues/67
ISSUE-068	68	https://github.com/Sweeite/AI-Harness-V1.0/issues/68
ISSUE-069	69	https://github.com/Sweeite/AI-Harness-V1.0/issues/69
ISSUE-070	70	https://github.com/Sweeite/AI-Harness-V1.0/issues/70
ISSUE-071	71	https://github.com/Sweeite/AI-Harness-V1.0/issues/71
ISSUE-072	72	https://github.com/Sweeite/AI-Harness-V1.0/issues/72
ISSUE-073	73	https://github.com/Sweeite/AI-Harness-V1.0/issues/73
ISSUE-074	74	https://github.com/Sweeite/AI-Harness-V1.0/issues/74
ISSUE-075	75	https://github.com/Sweeite/AI-Harness-V1.0/issues/75
ISSUE-076	76	https://github.com/Sweeite/AI-Harness-V1.0/issues/76
ISSUE-077	77	https://github.com/Sweeite/AI-Harness-V1.0/issues/77
ISSUE-078	78	https://github.com/Sweeite/AI-Harness-V1.0/issues/78
ISSUE-079	79	https://github.com/Sweeite/AI-Harness-V1.0/issues/79
ISSUE-080	80	https://github.com/Sweeite/AI-Harness-V1.0/issues/80
ISSUE-081	81	https://github.com/Sweeite/AI-Harness-V1.0/issues/81
ISSUE-082	82	https://github.com/Sweeite/AI-Harness-V1.0/issues/82
ISSUE-083	83	https://github.com/Sweeite/AI-Harness-V1.0/issues/83
ISSUE-084	84	https://github.com/Sweeite/AI-Harness-V1.0/issues/84
ISSUE-085	85	https://github.com/Sweeite/AI-Harness-V1.0/issues/85
ISSUE-086	86	https://github.com/Sweeite/AI-Harness-V1.0/issues/86
